{"initial_reset_timestamp": 1544678184.7300553, "timestamps": [1544678256.2409172], "episode_lengths": [1000], "episode_rewards": [126.44935180188651], "episode_types": ["t"]}